"Airgas USA, LLC"
"Company Name:",product,region
"Albertsons Companies",0.00,38.89
"Albertsons Companies, Denver CO",0.00,11.11
"Albertsons Companies, Portland OR",0.00,5.56
"Albertsons Companies, Seattle, WA",0.00,5.56
"Albertsons Companies, Southern CA",0.00,11.11
"Gelson's Markets",100.00,5.56
H-E-B,100.00,5.56
"Mollie Stone's Markets",0.00,5.56
"Sprouts Farmers Market",0.00,50.00
"Stater Bros. Markets",0.00,5.56
"Wal-Mart Stores, Inc.",0.00,61.11

"A-ROO Company LLC"
"Company Name:",product,region
"Albertsons Companies",80.00,50.00
"Albertsons Companies, Denver CO",20.00,14.29
"Albertsons Companies, Portland OR",20.00,7.14
"Albertsons Companies, Seattle, WA",40.00,7.14
"Albertsons Companies, Southern CA",40.00,7.14
"Gelson's Markets",100.00,7.14
H-E-B,100.00,7.14
"Mollie Stone's Markets",40.00,7.14
"Sprouts Farmers Market",60.00,64.29
"Stater Bros. Markets",100.00,7.14
"Wal-Mart Stores, Inc.",80.00,78.57

"Continental Floral Greens"
"Company Name:",product,region
"Albertsons Companies",100.00,50.00
"Albertsons Companies, Denver CO",80.00,14.29
"Albertsons Companies, Portland OR",40.00,7.14
"Albertsons Companies, Seattle, WA",40.00,7.14
"Albertsons Companies, Southern CA",100.00,7.14
"Gelson's Markets",100.00,7.14
H-E-B,80.00,7.14
"Mollie Stone's Markets",80.00,7.14
"Sprouts Farmers Market",100.00,64.29
"Stater Bros. Markets",0.00,7.14
"Wal-Mart Stores, Inc.",80.00,78.57

"Dekker Chrysanten BV"
"Company Name:",product,region
"Albertsons Companies",100.00,54.55
"Albertsons Companies, Denver CO",100.00,9.09
"Albertsons Companies, Portland OR",100.00,9.09
"Albertsons Companies, Seattle, WA",100.00,9.09
"Albertsons Companies, Southern CA",100.00,9.09
"Gelson's Markets",100.00,9.09
H-E-B,100.00,9.09
"Mollie Stone's Markets",100.00,9.09
"Sprouts Farmers Market",100.00,72.73
"Stater Bros. Markets",0.00,9.09
"Wal-Mart Stores, Inc.",100.00,81.82

"Dutchman Tree Farms"
"Company Name:",product,region
"Albertsons Companies",100.00,77.78
"Albertsons Companies, Denver CO",66.67,22.22
"Albertsons Companies, Portland OR",33.33,11.11
"Albertsons Companies, Seattle, WA",33.33,11.11
"Albertsons Companies, Southern CA",66.67,11.11
"Gelson's Markets",100.00,11.11
H-E-B,33.33,11.11
"Mollie Stone's Markets",66.67,11.11
"Sprouts Farmers Market",100.00,100.00
"Stater Bros. Markets",33.33,11.11
"Wal-Mart Stores, Inc.",33.33,100.00

"Floral Chain International"
"Company Name:",product,region
"Albertsons Companies",80.00,53.85
"Albertsons Companies, Denver CO",80.00,15.38
"Albertsons Companies, Portland OR",40.00,7.69
"Albertsons Companies, Seattle, WA",60.00,7.69
"Albertsons Companies, Southern CA",100.00,15.38
"Gelson's Markets",100.00,7.69
H-E-B,100.00,7.69
"Mollie Stone's Markets",100.00,7.69
"Sprouts Farmers Market",80.00,61.54
"Stater Bros. Markets",0.00,7.69
"Wal-Mart Stores, Inc.",100.00,69.23

"Floralife: a division of Smithers-Oasis Company"
"Company Name:",product,region
"Albertsons Companies",33.33,38.89
"Albertsons Companies, Denver CO",33.33,11.11
"Albertsons Companies, Portland OR",0.00,5.56
"Albertsons Companies, Seattle, WA",33.33,5.56
"Albertsons Companies, Southern CA",0.00,11.11
"Gelson's Markets",100.00,5.56
H-E-B,66.67,5.56
"Mollie Stone's Markets",66.67,5.56
"Sprouts Farmers Market",33.33,44.44
"Stater Bros. Markets",66.67,5.56
"Wal-Mart Stores, Inc.",66.67,55.56

"Galleria Farms"
"Company Name:",product,region
"Albertsons Companies",80.00,70.00
"Albertsons Companies, Denver CO",80.00,20.00
"Albertsons Companies, Portland OR",40.00,10.00
"Albertsons Companies, Seattle, WA",60.00,10.00
"Albertsons Companies, Southern CA",100.00,10.00
"Gelson's Markets",100.00,10.00
H-E-B,100.00,10.00
"Mollie Stone's Markets",100.00,10.00
"Sprouts Farmers Market",80.00,90.00
"Stater Bros. Markets",0.00,10.00
"Wal-Mart Stores, Inc.",100.00,90.00

"HortyGirl Living Decor"
"Company Name:",product,region
"Albertsons Companies",100.00,66.67
"Albertsons Companies, Denver CO",100.00,33.33
"Albertsons Companies, Portland OR",33.33,16.67
"Albertsons Companies, Seattle, WA",33.33,16.67
"Albertsons Companies, Southern CA",0.00,33.33
"Gelson's Markets",100.00,16.67
H-E-B,100.00,16.67
"Mollie Stone's Markets",100.00,16.67
"Sprouts Farmers Market",100.00,66.67
"Stater Bros. Markets",100.00,16.67
"Wal-Mart Stores, Inc.",0.00,83.33

"Intergreen USA Inc."
"Company Name:",product,region
"Albertsons Companies",83.33,38.89
"Albertsons Companies, Denver CO",66.67,11.11
"Albertsons Companies, Portland OR",33.33,5.56
"Albertsons Companies, Seattle, WA",50.00,5.56
"Albertsons Companies, Southern CA",83.33,11.11
"Gelson's Markets",100.00,5.56
H-E-B,100.00,5.56
"Mollie Stone's Markets",100.00,5.56
"Sprouts Farmers Market",66.67,50.00
"Stater Bros. Markets",16.67,5.56
"Wal-Mart Stores, Inc.",83.33,61.11

"P.N.P. Plast Italy S.R.L"
"Company Name:",product,region
"Albertsons Companies",66.67,58.33
"Albertsons Companies, Denver CO",0.00,16.67
"Albertsons Companies, Portland OR",0.00,8.33
"Albertsons Companies, Seattle, WA",0.00,8.33
"Albertsons Companies, Southern CA",33.33,8.33
"Gelson's Markets",66.67,8.33
H-E-B,66.67,8.33
"Mollie Stone's Markets",0.00,8.33
"Sprouts Farmers Market",66.67,75.00
"Stater Bros. Markets",66.67,8.33
"Wal-Mart Stores, Inc.",66.67,83.33

"Valley Springs LLC"
"Company Name:",product,region
"Albertsons Companies",100.00,58.33
"Albertsons Companies, Denver CO",100.00,16.67
"Albertsons Companies, Portland OR",100.00,8.33
"Albertsons Companies, Seattle, WA",100.00,8.33
"Albertsons Companies, Southern CA",100.00,8.33
"Gelson's Markets",100.00,8.33
H-E-B,100.00,8.33
"Mollie Stone's Markets",100.00,8.33
"Sprouts Farmers Market",100.00,75.00
"Stater Bros. Markets",0.00,8.33
"Wal-Mart Stores, Inc.",100.00,83.33

