Ahold-Delhaize,1
Albertsons/Safeway Intermountain Division,1
Albertsons /Tom Thumb Southern Division,1
Albertsons/Safeway Portland Division,1
H-E-B,1
Hy-Vee,1
Raley's,1
Save Mart Supermarkets,1
Southeastern Grocers,1
SpartanNash,1
SUPERVALU Inc,1
Target,1
The Fresh Market,1
The Kroger Co.,1
Wakefern Food Corp,1
Walmart Stores Inc.,1
Whole Foods Market Florida,1
ACME / Shaw Markets,1
Albertsons / Safeway Corporate & Seattle Division,1
Airgas Inc.,2
A-ROO Company,2
Back to the Roots,2
Boquet Collection/Queen's Flowers,2
burton + BURTON,2
Chrysal USA,2
Continental Floral Greens,2
Continental Flowers,2
Danziger,2
"Delta Floral Distributors, Inc.",2
Dependable Packaging Solutions,2
Falcon Farms,2
"Fantasy Farms, LLC",2
FARM FRESH FLOWERS,2
Hollandia Greenhouses,2
HortyGirl Living Decor,2
Micky's Minis & N.G. Heimos Greenhouses,2
"Natural Flowers, Inc.",2
"Orange Flower Connect, Inc.",2
Pleasant Integrity,2
Pottery Direct Intl.,2
RAINFOREST FARMS AND BOUQUETS USA INC,2
Riverdale Farms,2
Smithers-Oasis,2
Sun Valley Group,2
"Syndicate Sales, Inc",2
The Queen's Bouquet Network,2
White's Nursery,2
World Class Flowers,2
Zephyr Solutions,2
